{"cameraMode":{"drawMode":0,"name":"Shaded","section":"Shading Mode"},"sceneLighting":true,"audioPlay":false,"sceneViewState":{"showFog":false,"showMaterialUpdate":false,"showSkybox":false,"showFlares":false,"showImageEffects":false,"showParticleSystems":false},"in2DMode":false,"pivot":{"x":9.866125106811524,"y":-2.0633018016815187,"z":-5.138881683349609},"rotation":{"x":-0.004288425203412771,"y":0.930330216884613,"z":-0.366536408662796,"w":-0.01088450662791729},"size":16.465408325195314,"orthographic":false}